SA2_code,SA2_name,2021,2026,2031,2036,2041,2046
301011001.0,Alexandra Hills,16878.0,16402.418719085523,16004.995865339824,15490.30206040625,15017.029788250638,14544.592031314824
301011002.0,Belmont - Gumdale,7645.0,7338.076987217439,7165.525278948325,7024.175951320776,6946.417474379197,6902.3679317689075
301011003.0,Birkdale,15457.0,16269.029706895817,16448.926106523715,16502.80578687127,16528.315138801976,16473.48384304952
301011004.0,Capalaba,18586.0,19212.883689177736,19658.90306813393,19931.68486585711,20080.690498512893,19912.317959317188
301011005.0,Thorneside,3928.0,3916.228713336585,3905.992516072843,3893.310388750808,3897.925110166773,3901.43280555139
301011006.0,Wellington Point,12047.0,12678.534165367275,12925.333387423583,13017.747873015636,13106.233899884806,13157.887833632743
301021007.0,Cleveland,16075.0,17881.819627923105,19456.473113946427,20826.44701385664,22061.734842172922,22285.729684836668
301021008.0,Ormiston,6446.0,6663.456381235948,6696.602175996156,6681.522544854994,6659.175055941222,6612.127530631158
301021009.0,Redland Bay,18099.0,20131.59725852248,22038.88168565967,23775.66115204608,25210.17477438021,26339.288232911433
301021011.0,Sheldon - Mount Cotton,8461.0,8346.967102656688,8348.514359373106,8334.911443199364,8343.50666144752,8346.498078984712
301021012.0,Thornlands,19658.0,20835.299010322877,21556.01556363487,21761.526230751493,21974.949719409808,22133.035187759306
301021013.0,Victoria Point,15330.0,15724.635791315444,15930.238809176368,15922.782993590403,15834.194287500972,15567.606668742272
301021550.0,North Stradbroke Island,2191.0,2226.9181421724566,2237.3001342793686,2240.4171684459207,2245.510730375214,2246.5361083087364
301021551.0,Southern Moreton Bay Islands,8574.0,9725.144610226453,10744.792857037299,11305.488035530832,11792.174596207258,12128.829139751972
301031014.0,Brisbane Port - Lytton,10.0,9.751183894863848,9.689356751702846,9.628336563298078,9.607644426445514,9.58624642896522
301031015.0,Manly - Lota,7993.0,8054.912922545609,8167.228434149993,8318.511560127701,8545.208605766455,8705.33601423929
301031016.0,Manly West,12026.0,12253.500672645769,12313.593162367568,12362.769183904562,12469.010267355137,12569.058528904707
301031017.0,Murarrie,4843.0,4750.123927751531,4812.06255057075,5049.047274081337,5335.95395726955,5689.9986526012635
301031018.0,Tingalpa,8992.0,9447.939650293103,10002.02673272444,10342.550335988137,10590.624702698735,10719.634096079772
301031019.0,Wakerley,9567.0,9689.401110332232,9754.786196470672,9799.408159765811,9883.650917245875,9955.624850000944
301031020.0,Wynnum,14738.0,15290.916233596943,15976.086293194176,16969.401528007384,18189.089963584876,19663.09031535073
301031021.0,Wynnum West - Hemmant,15943.0,16454.161314026274,16834.419256832476,17048.903322049387,17256.238791051634,17378.635429199396
302011022.0,Bald Hills,7930.0,8109.956876514788,8119.923711414893,8093.03012564117,8079.064883452372,8036.287908513177
302011023.0,Bridgeman Downs,10618.0,12269.599405701509,13371.514811026775,14068.543100962394,14757.431646588368,15340.310720218933
302011024.0,Carseldine,9954.0,10109.955450341837,10032.819700449378,10005.869386784707,10071.270446386836,10260.304199193088
302011025.0,Everton Park,10194.0,10824.983272196825,11472.070208555906,12228.708817250968,13049.400890672288,13850.778943875719
302011026.0,McDowall,8018.0,8160.072072634018,8240.794108958407,8340.365103121296,8371.81386241922,8355.485222142226
302021027.0,Aspley,13068.0,12969.839323519562,12782.420304559302,12625.38762949943,12539.512628134036,12475.946731833148
302021028.0,Chermside,11612.0,12728.759335029088,13963.463139781144,15607.244938057947,17470.07691785662,19974.55997611288
302021029.0,Chermside West,6701.0,6752.450905928304,6826.390948260832,6890.623440341633,6979.7045273637095,7064.067650540016
302021030.0,Geebung,4599.0,4645.403296580511,4652.25943324679,4663.250986311006,4689.0486376705285,4712.857834994086
302021031.0,Kedron - Gordon Park,14694.0,15329.47648941855,15715.830285390912,16061.97441488077,16629.16639739581,17334.498948197193
302021032.0,Stafford,7020.0,7311.279510647666,7550.372616429094,7824.538686110271,8058.841160926389,8212.231738162944
302021033.0,Stafford Heights,7233.0,6991.10341818714,6877.68357297917,6783.1461686843595,6733.405313473388,6703.15452010642
302021034.0,Wavell Heights,10474.0,10750.412192519843,11041.146496977783,11325.269167446704,11667.949567738637,12017.9280744984
302031035.0,Boondall,9739.0,10010.6682388042,10032.368403608907,9995.56209916915,10054.812044089147,10078.705689656297
302031036.0,Brisbane Airport,131.0,339.57378302544026,463.49543586418,503.0758055492259,507.40703667945684,506.5197106723106
302031037.0,Eagle Farm - Pinkenba,2104.0,5124.979890327555,7403.440524603633,9222.811980222263,10985.31764832777,12907.535439376747
302031038.0,Northgate - Virginia,7169.0,7368.876527418068,7460.257176718914,7586.900013392429,7741.357249986579,7906.138032395393
302031039.0,Nudgee - Banyo,10948.0,11609.719679462505,11863.956246727828,12354.371325858501,12829.015053582507,13147.746900680255
302031040.0,Nundah,13552.0,14665.867609298246,15540.914750876153,16570.438553657183,17729.590977257765,19148.27797808065
302041041.0,Bracken Ridge,17816.0,17998.984440657474,17976.516875324443,17880.68483995846,18020.403723484877,18321.76060527875
302041042.0,Brighton (Qld),9786.0,9931.003433665566,10149.319547983107,10336.817537573614,10554.196683934586,10758.579955159927
302041043.0,Deagon,3821.0,3949.801003816668,4017.3593276534193,4088.8701695332365,4181.955293052683,4268.413734624329
302041044.0,Sandgate - Shorncliffe,6908.0,6962.024397322235,7029.436761808076,7093.572385920862,7182.820569825768,7282.870474011695
302041045.0,Taigum - Fitzgibbon,14301.0,14700.73480671307,15185.566488624652,15505.994856781148,15807.829725489222,16119.115218368413
302041046.0,Zillmere,9473.0,9815.735347365217,9932.497608030126,10107.853914833986,10355.237557200568,10624.170156913575
303011047.0,Camp Hill,12327.0,12852.883551928793,13339.337819438115,13805.531150496516,14382.64549039558,15019.256741045672
303011048.0,Cannon Hill,7028.0,7540.298040612772,7760.132781280286,7977.184102194743,8156.461137350135,8340.698123458365
303011049.0,Carina,12003.0,12781.808603736274,13174.35764429466,13395.408346755212,13936.525825143983,14639.341042262282
303011050.0,Carina Heights,6980.0,7156.781029092284,7282.285351642228,7404.40716039862,7603.071602583675,7884.343357718737
303011051.0,Carindale,16782.0,16802.02775996223,16539.153937286283,16247.27267381531,16011.632863989038,15764.46419746444
303021052.0,Annerley,12161.0,13057.850944356054,13492.299319363508,13878.292688663181,14390.10365993628,14972.709723778105
303021053.0,Coorparoo,18165.0,19565.836726673475,20619.696957735607,22160.942442560554,23780.875289277355,25537.282088774664
303021054.0,Fairfield - Dutton Park,5099.0,5419.78216838701,5556.903281558933,5690.679824728204,5859.717489022754,6067.874154693054
303021055.0,Greenslopes,10723.0,12585.950440467226,14060.763639815548,15808.49454478081,17653.488108400896,19905.187406464524
303021056.0,Holland Park,9017.0,9329.263574374101,9489.103900073376,9624.016176900075,9804.810575598944,10026.95478892035
303021057.0,Holland Park West,6499.0,6959.217903858214,7163.483172231537,7341.875815183444,7514.678309379207,7734.333547931676
303021058.0,Woolloongabba,8787.0,10892.789533278694,13069.499300560596,16025.005080006731,18913.027633829086,21832.13186464543
303021059.0,Yeronga,10343.0,10992.617343317836,11247.385532081726,11737.738214567076,12355.834080774484,12944.820827650052
303031060.0,Eight Mile Plains,15479.0,15528.58132481022,15979.239392890831,16137.661654851974,16324.010921607121,16400.051617269568
303031061.0,Macgregor (Qld),6075.0,6689.392229036699,7050.65390196899,7601.380618914416,8202.987696912473,8771.412812937608
303031062.0,Mansfield (Qld),9008.0,9121.673712882795,9185.20530217589,9246.458866008437,9347.609389782161,9445.330599266304
303031063.0,Mount Gravatt,16166.0,17576.88020080988,18651.8980149509,19907.463226656255,21410.615040731376,23247.629059649327
303031064.0,Rochedale - Burbank,11201.0,14153.915469013395,15772.890061710685,16852.09700569668,18280.800741949482,19731.996235952185
303031065.0,Upper Mount Gravatt,11180.0,12639.917333575508,14256.08549871165,16803.864121432445,19202.099552293104,22213.819541463843
303031066.0,Wishart,11584.0,11664.957821652433,11720.03373160465,11736.434162677833,11800.740488240244,11867.983498813293
303041067.0,Coopers Plains,5802.0,6519.196475437737,6962.059720388576,7454.369085573962,7948.441031798151,8474.709383841453
303041068.0,Moorooka,10996.0,11764.633411300265,12067.197168045128,12383.673055160618,12791.589290988468,13300.033580300507
303041069.0,Robertson,4950.0,5626.026457575925,5656.727104374867,5668.2072811725775,5687.618501172566,5699.361107616236
303041070.0,Salisbury - Nathan,7679.0,7859.1659752901505,7982.147710404738,8079.6801656678535,8201.943004468605,8320.303438232317
303041071.0,Tarragindi,11085.0,11332.727755971635,11455.362531484516,11558.292474772274,11692.226168363946,11817.484990407385
303051072.0,Algester,9146.0,9179.115431572849,9299.40640591576,9408.326707971226,9515.948345604069,9592.537769985996
303051073.0,Calamvale - Stretton,23329.0,24993.17573189466,25567.080791331362,26123.03527645672,26694.568487433884,27141.565592150342
303051074.0,Pallara - Willawong,10393.0,13067.595902713643,14005.747793817667,14473.77262958176,15282.784198871894,16202.670121592091
303051075.0,Parkinson - Drewvale,16410.0,17245.012831494045,17608.224649757787,17893.22191843235,18112.7395384416,18253.24169741323
303051076.0,Rocklea - Acacia Ridge,9864.0,10525.010325558242,10614.459612142176,10766.439988110944,10999.187717349829,11343.556709733064
303061077.0,Kuraby,9151.0,9232.431578791386,9276.701603261952,9318.447827096039,9396.604998843726,9479.24070273888
303061078.0,Runcorn,14332.0,15504.05130495381,15638.468759536248,15724.626019191757,15878.063828542778,15978.742691630498
303061079.0,Sunnybank,9203.0,9798.08977893313,9916.287056795361,9999.248214470235,10096.188783153435,10179.40009581967
303061080.0,Sunnybank Hills,18459.0,18277.700349095005,18468.482492396826,18680.154496192823,18903.234197558573,19088.36187253984
304011081.0,Jindalee - Mount Ommaney,7733.0,7545.875637215648,7434.279795840996,7315.645968048522,7225.879280114817,7138.8867780856735
304011082.0,Middle Park - Jamboree Heights,7173.0,6910.177291500897,6775.878927796805,6644.159636209145,6541.778245468111,6440.187486962778
304011083.0,Riverhills,4179.0,4057.082200946089,4016.6957143445115,3974.9970703959984,3948.5002164209022,3920.792113294056
304011084.0,Seventeen Mile Rocks - Sinnamon Park,9836.0,9831.762794970628,9783.459683819468,9808.654590231492,9807.267772610901,9779.226602023315
304011085.0,Westlake,4492.0,4409.167875838522,4341.267219932691,4269.723647978382,4216.017336280724,4158.879823723566
304021086.0,Bellbowrie - Moggill,10660.0,10907.847350843344,10971.984224185646,11061.51248734487,11285.37480097044,11487.5376676347
304021087.0,Brookfield - Kenmore Hills,7103.0,6794.9689365796985,6676.665464338922,6561.654095429749,6493.689648783533,6420.58914316156
304021088.0,Chapel Hill,10877.0,10920.255678669406,10982.965619719034,11014.55450905623,11071.14032230847,11104.461102492292
304021089.0,Fig Tree Pocket,4410.0,4581.875426866477,4725.082946090362,4825.773466704675,4942.376224956619,5028.409579889475
304021090.0,Kenmore,9547.0,9680.228059415364,9933.83035617798,10104.291101971574,10272.496140897252,10396.416359401705
304021091.0,Pinjarra Hills - Pullenvale,5743.0,5582.394560513221,5463.38113029067,5359.712330219391,5292.3580728364395,5217.904366123418
304031092.0,Chelmer - Graceville,7951.0,8123.6361049679645,8256.91910562631,8380.44064770913,8516.67823865128,8638.392785673746
304031093.0,Corinda,5391.0,5571.558910243955,5734.909349598755,5917.239932355235,6128.15251640687,6391.368172456567
304031094.0,Indooroopilly,13717.0,14688.750637298304,15631.57385223532,16464.49143157205,17613.892634760465,19135.534136155624
304031095.0,Sherwood,6526.0,6839.051233195394,7066.825014102533,7369.863491967828,7692.912118994635,8056.87783968875
304031096.0,St Lucia,12578.0,13436.50862702015,13566.195166202619,13559.676208622283,13681.103624750716,13906.030254355088
304031097.0,Taringa,9188.0,9619.669598010876,10011.017411056428,10640.999047284145,11265.863335597667,11919.41594476194
304041098.0,Enoggera,9205.0,9146.935877314498,9400.240643177243,9786.573661364791,10332.210924934869,10817.717024367514
304041099.0,Enoggera Reservoir,33.0,32.1789068530507,31.974877280619392,31.77351065888365,31.7052266072702,31.634613215585226
304041100.0,Keperra,7498.0,7366.179897000274,7399.07501002644,7509.523949807604,7593.75472326862,7636.178007324178
304041101.0,Mitchelton,9034.0,9330.726869252287,9526.673876727671,9978.055153007514,10569.02811356291,11121.597889926226
304041102.0,Mount Coot-tha,0.0,0.0,0.0,0.0,0.0,0.0
304041103.0,The Gap,17414.0,17554.74893724995,17741.398548855832,17963.77716161662,18202.208741115694,18370.9554743635
304041104.0,Upper Kedron - Ferny Grove,11852.0,12833.436880580875,13302.748204835247,13242.86554501684,13235.514438367689,13220.775170320218
305011105.0,Brisbane City,13779.0,18288.47611670039,24856.22420578045,29536.93653023895,33121.74841283029,36319.30793509228
305011106.0,Fortitude Valley,9755.0,12646.867588427327,15252.061386238787,17706.195465507586,19702.379068214592,21791.201798678278
305011107.0,Highgate Hill,6478.0,6919.413641273197,7229.317357808044,7465.893988937847,7888.8023053491215,8418.592004579583
305011108.0,Kangaroo Point,9974.0,10597.990447960003,11439.294576924938,12254.849074303318,13104.353100213171,13977.519979422155
305011109.0,New Farm,12691.0,13693.404930692768,14180.799602051704,14551.390993352197,15093.822345229019,15753.420179940855
305011110.0,South Brisbane,14602.0,18926.58047008834,23035.351925655104,28230.30744484964,32472.510547349953,36470.24278103362
305011111.0,Spring Hill,7044.0,8966.568880779749,9944.71087909408,10751.490416637043,11683.802991304248,12744.184802094596
305011112.0,West End,15291.0,20523.62655072849,24922.625892286822,27875.147686675118,31519.04621771903,34566.9262709859
305021113.0,Balmoral,4621.0,4785.170863108391,4869.506126767168,4967.202865681604,5084.094196191969,5212.2178434037305
305021114.0,Bulimba,7507.0,8042.145285723756,8292.85259519598,8784.004761940356,9462.063956906646,10020.158025291516
305021115.0,East Brisbane,6230.0,6759.187222702167,7121.509140233915,7442.204328551881,7803.9848064525995,8207.043909200878
305021116.0,Hawthorne,5211.0,5603.3264366205585,5733.665905368623,5831.742617655444,6002.764227967447,6258.237357352443
305021117.0,Morningside - Seven Hills,14583.0,14641.916041511868,14779.96515044971,14902.757744535218,15146.395171660464,15553.908518557906
305021118.0,Norman Park,6957.0,7180.694338858995,7329.174582098913,7481.044923700038,7769.209582749223,7936.942756680302
305031119.0,Albion,4374.0,5527.373945294914,6259.532643480486,6858.710645693918,7507.97956220656,7903.5523190810645
305031120.0,Alderley,6691.0,7157.908763640096,7596.028890419802,8003.522457067158,8446.76847766428,8939.580804105937
305031121.0,Ascot,5850.0,6783.9422180185675,7486.43404596447,7937.587649993813,8196.420834840474,8348.995387542198
305031122.0,Clayfield,10924.0,11435.616866378203,11710.649912971601,11952.04161542131,12346.469369834998,12850.183415828904
305031123.0,Grange,4696.0,4783.13300679052,4891.354614765949,4977.653787117719,5070.8741212159175,5161.2236813105455
305031124.0,Hamilton (Qld),6874.0,7747.206383965592,8112.817946062758,8385.942375278644,8711.193054792704,9111.34460687126
305031125.0,Hendra,5023.0,5055.46459328806,5137.497897424044,5228.700924336387,5350.622225209127,5449.682497700532
305031126.0,Kelvin Grove - Herston,10445.0,12491.010142570127,13064.686886030973,13470.223158334096,13887.166600694796,14089.950433069585
305031127.0,Newmarket,5166.0,5664.215932516181,5853.27335761534,5992.896975437272,6184.53576457123,6408.009310839796
305031128.0,Newstead - Bowen Hills,18463.0,21480.566343785616,23143.55158635179,25261.611962823874,27577.166763847992,31039.444807778887
305031129.0,Wilston,4089.0,4236.449053794166,4394.93479487456,4503.311377439889,4609.385347110946,4676.300906209996
305031130.0,Windsor,8126.0,8707.717260668913,9081.123504173922,9485.703580094581,10233.352202964052,11194.887393578494
305031131.0,Wooloowin - Lutwyche,11234.0,11687.4557622034,12105.767769789058,12609.972515203917,13216.462461849236,14063.7673813693
305041132.0,Ashgrove,13941.0,14202.394808202856,14414.007373464578,14611.385469975457,14830.041312603487,15030.867354678747
305041133.0,Auchenflower,5774.0,6270.121858467451,6335.425758666212,6408.320312235581,6523.589019861627,6721.870443959848
305041134.0,Bardon,10482.0,10811.672862532121,11058.125596223419,11302.858033208831,11569.15692409821,11818.314147862777
305041135.0,Paddington - Milton,12444.0,13399.682027628649,14087.372079821975,14655.637964399342,15241.07045939495,15859.457132501473
305041136.0,Red Hill (Qld),6077.0,6400.759372101666,6700.54728665659,7154.7390807731135,7509.404453521134,7692.4493541337815
305041137.0,Toowong,12725.0,14814.12009223385,15790.131341480243,16792.155233752896,17767.93790522001,18917.753192362958
306011138.0,Brinsmead,5588.0,5686.477011930086,5815.63965553843,5933.045440613255,6048.501270957343,6155.150575711865
306011139.0,Clifton Beach - Kewarra Beach,11916.0,12839.85556003136,13799.12361453964,14511.87109089226,15032.671246839183,15325.796522284889
306011140.0,Freshwater - Stratford,3782.0,3891.2900306053666,3973.942876142543,4059.6468184090445,4159.211202743018,4249.862104642275
306011141.0,Redlynch,14015.0,14609.26744747244,14967.353436551013,15226.609223590849,15558.270832126209,15663.212189685537
306011142.0,Trinity Beach - Smithfield,17097.0,19241.235172128192,20978.76484383644,22351.336315470136,23829.199212213876,24599.783847874744
306011143.0,Yorkeys Knob - Machans Beach,6187.0,6306.854943243759,6521.2491116655165,6733.715521177028,6928.79609918983,7132.490659447677
306021144.0,Bentley Park,8498.0,8846.542280259378,9081.29933137899,9373.078480916312,9709.460290611132,9867.312471664689
306021145.0,Cairns City,12836.0,14373.475355600029,14994.376670354572,15680.598994107755,16421.206234741836,17200.942409291445
306021146.0,Earlville - Bayview Heights,8453.0,8497.365819461555,8606.419773113445,8728.299463608662,8867.305298546831,9007.48439680289
306021147.0,Edmonton,11614.0,12318.007938415922,13180.14700653832,14008.37915034322,14728.736758667932,15490.293149748562
306021148.0,Gordonvale - Trinity,9961.0,11684.3475121041,15284.539794681637,19587.44893479938,23763.890059027053,28733.210936279327
306021149.0,Kanimbla - Mooroobool,10085.0,10444.33626421282,10660.364200045118,10853.976284645008,11081.999638510397,11228.138997245554
306021150.0,Lamb Range,6.0,6.0,6.0,6.0,6.0,6.0
306021151.0,Manoora,6292.0,6865.286620684769,7660.5239738227665,8520.717747700526,9388.835427293749,10341.591438342777
306021152.0,Manunda,5254.0,5685.175376990208,6145.790338699515,6607.898112529774,7056.91843642309,7545.359789335895
306021153.0,Mount Sheridan,8782.0,9128.094981001877,9382.42010639283,9641.243987944608,9899.07342099549,10171.4823595228
306021154.0,Westcourt - Bungalow,6615.0,7135.942436884938,7538.703493785126,7947.612089299341,8354.886901914622,8789.363065886817
306021155.0,White Rock,4976.0,5310.4354794565415,5850.346681692829,6345.758244149669,6757.672136665124,7174.3459760031965
306021156.0,Whitfield - Edge Hill,8456.0,9066.510621093168,9640.113299790028,10226.872636150174,10825.743101476139,11443.404166512586
306021157.0,Woree,5192.0,5503.468131001409,5915.446823611015,6247.199561511652,6545.367666524504,6862.288047070685
306031158.0,Babinda,4607.0,4828.053386154407,4983.200181034286,5113.315397529264,5219.133353498301,5305.157060733994
306031159.0,Innisfail,9408.0,9504.44619284981,9498.598923554728,9478.448484532937,9440.337944906727,9386.605914746315
306031160.0,Johnstone,8083.000000000001,8320.579647731287,8485.948333771192,8623.830836398027,8733.25907323144,8819.076009933886
306031161.0,Tully,11131.000000000002,11482.254949420289,11738.581724760508,11953.14304924573,12125.303793621964,12262.598794865968
306031162.0,Wooroonooran,3.0,2.992152101518458,3.013938100916322,3.041809497171334,3.0856426069590563,3.1310822568863204
306031163.0,Yarrabah,2598.0,2720.554892853869,2864.916814563909,3019.9310799892287,3180.734823302633,3343.1716834683807
306041164.0,Daintree,6734.000000000001,6906.949190170629,7127.365731902961,7305.671421189456,7444.260653920479,7551.325615151984
306041165.0,Port Douglas,5626.0,5962.593045428347,6445.278284429571,6896.874595343082,7304.258124414953,7655.705596589999
306051166.0,Atherton,11748.000000000002,12421.520620815292,13091.477129102263,13705.496526838346,14261.949160517313,14768.561203096267
306051167.0,Herberton,5569.000000000001,5578.576697465593,5574.7665038329305,5563.639940733326,5542.637320091583,5512.739314596882
306051168.0,Kuranda,4868.0,5265.714780292978,5585.865581035634,5914.895135996358,6245.688786483075,6572.882086971501
306051169.0,Malanda - Yungaburra,9171.000000000002,9396.73926362541,9659.856081253585,9852.2772386063,9979.126221529257,10054.294888278462
306051170.0,Mareeba,11998.000000000002,12726.484587397093,13313.985395079206,14066.694596027806,14767.021797456244,15419.39522305566
307011171.0,Balonne,4378.999999999999,4170.120660422666,3961.1294743816884,3761.240982128595,3563.028252287858,3364.4655309637974
307011172.0,Chinchilla,8895.0,9261.613248491785,9697.238788553526,10055.079044938238,10301.002064922062,10419.328967697145
307011173.0,Goondiwindi,6285.999999999998,6093.493712443942,6033.353705698419,5963.0497884233355,5863.154446209988,5725.112314699745
307011174.0,Inglewood - Waggamba,4100.0,3983.4596509535045,3859.867300486054,3733.888537081673,3596.0441895483905,3443.65769057739
307011175.0,Miles - Wandoan,4218.0,4177.299216371637,4149.380449182865,4118.083537120752,4078.982279912835,4009.876549774492
307011176.0,Roma,6928.0,6840.734823661604,6683.971980525729,6522.210160690788,6352.289405937483,6163.146635079201
307011177.0,Roma Surrounds,6031.999999999999,5864.588492676483,5686.628130280851,5504.775832727634,5304.922484279664,5083.037116131127
307011178.0,Tara,3892.0,3741.0700685926154,3652.5207654673045,3562.9978193555858,3487.2801817028744,3446.7988483056392
307021179.0,Crows Nest - Rosalie,9264.999999999998,9526.25029005211,9682.527827046702,9751.671129985949,9800.86671836448,9853.066676444536
307021180.0,Jondaryan,7747.999999999999,7891.5947202924835,8049.313951993853,8181.108681837149,8273.529605958884,8341.767676149315
307021181.0,Millmerran,3252.9999999999995,3211.7800862068807,3223.53304428349,3226.125369864633,3208.1207362723726,3164.1384552644704
307021182.0,Pittsworth,5828.0,5892.590004588473,6032.597293987637,6150.80485948884,6221.508582981609,6230.395476373341
307021183.0,Wambo,17336.0,17619.557239751528,17910.661979038436,18145.525135324413,18333.6289183658,18494.897971817878
307031184.0,Clifton - Greenmount,5145.0,5255.399123281093,5404.583447638754,5552.385714023025,5671.788799952241,5822.984771078965
307031185.0,Southern Downs - East,4383.999999999999,4449.05253558991,4515.407866708133,4564.108903306983,4578.5578143027415,4550.601471602678
307031186.0,Southern Downs - West,5020.0,5196.900934224933,5269.242946734589,5321.743309893894,5334.825284455785,5298.799618630936
307031187.0,Stanthorpe,5314.0,5158.825315336508,5115.206633601918,5062.265299758489,4983.275192854518,4870.834244993714
307031188.0,Stanthorpe Surrounds,6283.999999999999,6527.902375337921,6842.8915317922765,7089.46868681329,7249.3454892464515,7316.847250767947
307031189.0,Warwick,15758.999999999998,15957.684766752984,16283.832868846852,16601.561012952367,16874.265215309682,17122.807989684592
308011190.0,Central Highlands - East,7309.000000000001,7162.213688323372,7004.723148245232,6839.648963043131,6665.858056243801,6485.0940361222165
308011191.0,Central Highlands - West,7687.000000000002,7552.826533231675,7414.6771103804795,7316.0473229654635,7257.718571863709,7236.604743297565
308011192.0,Emerald,14356.000000000002,14994.779288021487,15584.810533136613,16171.886346671532,16736.06549337845,17263.13396899272
308031205.0,Berserker,7113.0,7097.643343181642,7010.227848542321,6974.917247800433,7009.104630256081,7082.032783133261
308031206.0,Bouldercombe,1965.0,1924.842653780307,1883.4111130602244,1864.2030141543619,1866.5826063907034,1901.7857129182648
308031207.0,Emu Park,5837.0,6496.422796409994,7305.932687345514,8194.166424699877,9117.950946116684,10687.031361037425
308031208.0,Frenchville - Mount Archer,9154.0,9173.5528562181,9146.249733513137,9170.773466301665,9262.687909583809,9402.912224324653
308031209.0,Glenlee - Rockyview,5286.0,5761.476683447776,6256.136492901329,6738.052658928788,7171.601727109404,7444.1182357986745
308031210.0,Gracemere,12582.0,13568.889836832257,14519.893479927125,15412.48094372757,16311.831844834342,17864.238354921643
308031211.0,Lakes Creek,4944.0,4988.3154353668,4930.084489004263,4899.412991964398,4898.730362807127,4910.40860438751
308031212.0,Mount Morgan,2960.0,2976.627284688928,2990.1529846483872,3005.8047618330606,3020.2638635592652,3031.2061268825196
308031213.0,Norman Gardens,10828.0,11050.01329960382,11020.084711379015,11048.63262347277,11154.241161991948,11326.402274362688
308031214.0,Park Avenue,5343.0,5286.332323808826,5158.22794292823,5059.191693824552,4996.52146581239,4950.546839288242
308031215.0,Parkhurst - Kawana,7559.0,8905.217286883855,10756.380063262253,12431.228993937732,13892.16495169055,15277.68865466439
308031216.0,Rockhampton - West,5954.0,5824.804069008792,5646.651112826304,5536.2373364378645,5501.677685546111,5522.857147316165
308031217.0,Rockhampton City,3402.0,3432.872241082964,3379.1570737025704,3331.6607703863847,3303.3527184832506,3287.692174439342
308031218.0,Rockhampton Surrounds - East,3533.0,3800.468638551935,3989.4696645575414,4195.0055822069035,4396.2752411885895,4597.432713903065
308031219.0,Rockhampton Surrounds - North,4628.0,4765.790357579078,4814.343665929895,4880.716174383004,4975.7151049985505,5128.532163700081
308031220.0,Rockhampton Surrounds - West,3025.0000000000005,3127.997781495463,3281.8896124683115,3430.312177061852,3569.850127524649,3698.4489523965326
308031221.0,Shoalwater Bay,22.0,21.98627323816352,21.892335092177053,21.92188893206825,22.115664956713285,22.394455201090548
308031222.0,The Range - Allenstown,8075.0,8153.537309538784,8082.171959820137,8051.8795798950105,8075.414137399421,8123.321645318472
308031223.0,Yeppoon,20575.0,23297.044207058952,27091.425888314512,30666.926420130287,33782.90454494335,35110.70473235379
308041528.0,Banana,8902.000000000002,8714.85674968392,8615.12882975478,8543.428799865242,8480.309604240078,8408.620070535791
308041529.0,Biloela,5761.000000000001,5814.736194952145,5800.7793257023495,5787.222817148867,5768.613671741105,5741.820553455392
308051530.0,Agnes Water - Miriam Vale,6854.000000000001,7252.918052760438,7480.219464034341,7635.071272425909,7717.574838289956,7736.900911988606
308051531.0,Boyne Island - Tannum Sands,10177.0,10546.69432396765,10880.125582893565,11240.995344142502,11608.488326547531,11964.253739620313
308051532.0,Callemondah,33.0,32.97940985724528,32.83850263826558,32.88283339810237,33.173497435069926,33.59168280163582
308051533.0,Clinton - New Auckland,14413.000000000002,15433.467408403005,16499.33817076122,17518.57234747862,18467.89868624139,19335.261431269922
308051534.0,Gladstone,6243.0,6420.666558028081,6659.831800745187,6921.590006653028,7193.067907752826,7461.962960773562
308051535.0,Gladstone Hinterland,11671.000000000002,12371.656967792247,13162.537877616678,13972.27565643071,14778.013398688643,15558.997199289915
308051536.0,Kin Kora - Sun Valley,3563.0000000000005,3546.9648606924934,3627.817791045219,3733.513700676464,3859.790494580087,4000.441672964806
308051537.0,South Trees,0.0,0.0,0.0,0.0,0.0,0.0
308051538.0,Telina - Toolooa,6470.000000000001,6719.142550434394,6949.15795187501,7152.124049501679,7322.713810258811,7459.91460921707
308051539.0,West Gladstone,4880.000000000001,4911.033462312921,4859.15295732575,4813.520110504099,4772.146812591352,4733.618855913899
309011224.0,Broadbeach Waters,8234.0,8576.715960047404,9026.141397658523,9727.146376610892,10417.375812211383,11226.80990599601
309011225.0,Burleigh Heads,9268.0,10196.21340213366,10616.849629730345,11310.435662664557,12126.10098447543,13092.831875350017
309011226.0,Burleigh Waters,14604.0,15418.289664499458,15980.66429424179,16570.58799299398,17216.020182145316,17920.034823713937
309011227.0,Mermaid Beach - Broadbeach,14234.0,17536.45691701302,21681.889973548554,27442.591521267525,33353.0721885142,39412.73876954426
309011228.0,Mermaid Waters,13392.0,14403.215875761893,15150.211017410598,16142.483987370313,17311.459258663286,17768.112796307338
309011229.0,Miami,7539.0,8076.423714973934,8431.976210335702,8871.88907715295,9388.123079283212,9995.065989149076
309021230.0,Coolangatta,6541.0,7161.151811036399,7680.184421396587,8437.665712438977,9284.721054547814,10301.559827774645
309021231.0,Currumbin - Tugun,12493.0,13561.190919772362,14783.930275230676,15758.241635044105,16335.160901094543,16991.338530348145
309021232.0,Currumbin Waters,9870.0,9961.310783682546,10041.728032456664,10167.967746293674,10253.931380010585,10262.333568104168
309021233.0,Elanora,12684.0,13209.140957947538,13694.217333691096,14244.62376264016,14805.961952548369,15261.224633819576
309021234.0,Palm Beach,16606.0,17799.073346166373,19179.01553455277,20787.784190197774,22554.816331213853,24353.30636111251
309031235.0,Arundel,11278.0,11496.672148284795,11502.276246552257,11629.380831241924,11755.952440189907,11623.435437625158
309031236.0,Biggera Waters,10079.0,13220.259297163087,15433.591248814702,17861.035745217712,20457.541189711254,23466.2838570452
309031237.0,Coombabah,10377.0,10975.415970762107,11253.872692306188,11359.039828920282,11411.294037961681,11730.687016165053
309031238.0,Labrador,18921.0,22272.21597722025,27197.035924130876,31058.59279773017,34866.352827359166,38672.13349759741
309031239.0,Paradise Point - Hollywell,10090.0,11007.586441061743,11968.775731136933,13105.237397256587,14315.053410918677,15503.862791623105
309031240.0,Runaway Bay,9366.0,9977.264990549626,10699.972672044596,11585.542779962194,12397.311961979474,13279.883711024459
309041241.0,Guanaba - Springbrook,4454.0,4478.526514176417,4492.083622604659,4522.49218322655,4551.583247499991,4558.243865063105
309041242.0,Tamborine - Canungra,15895.000000000005,16971.55365782169,17808.583314724456,18268.81807145611,18491.833297827237,18618.88971611225
309051243.0,Currumbin Valley - Tallebudgera,7731.0,7960.586301258424,8078.99920812617,8290.060032066496,8497.010884404872,8546.761710592287
309051244.0,Mudgeeraba - Bonogin,19874.0,20834.270095274802,21638.318855696092,22813.31315656883,24163.23237548316,25358.74085448974
309051245.0,Reedy Creek - Andrews,8902.0,9626.948324858524,10020.320563596037,10490.346177456315,11045.309335376964,11220.965672177608
309061246.0,Carrara,13321.0,13780.290440145902,13951.393335846997,14121.309506255537,14261.159377905336,14343.301692998668
309061247.0,Highland Park,8501.0,8668.950396325716,8683.530142775111,8733.595259490568,8820.536855361435,8945.785089000554
309061248.0,Nerang - Mount Nathan,21599.0,23281.40692112492,24899.255213222725,26446.4356795176,28210.239137770724,30268.817643930455
309061249.0,Pacific Pines - Gaven,18666.0,19218.298586124212,19361.37742276033,19641.90743753867,19888.208927631807,19931.23477440574
309061250.0,Worongary - Tallai,8618.0,9839.94882680805,12316.34856920567,15332.205698558191,18030.381432204464,20679.48515447919
309071251.0,Coomera,20613.0,31403.91162102877,40345.29654884314,48655.10501623842,57047.05152009585,65006.1683755162
309071252.0,Helensvale,19276.0,22351.13976824155,25028.5606588964,27784.76539248406,30962.104217600485,34316.83458809364
309071253.0,Hope Island,14867.0,17942.64166954758,20849.362773528494,23395.592384401054,26245.918078105955,28880.183387835932
309071254.0,Jacobs Well - Alberton,4635.0,5529.595433555001,6252.538681343027,7303.372660374195,8591.468496953297,9156.275356217266
309071256.0,Oxenford - Maudsland,18268.0,20731.62323882655,22428.230170957497,23792.719287147134,24800.011300838254,25347.603145017285
309071552.0,Ormeau (East) - Stapylton,10848.0,12582.953626998187,13866.817883274158,15229.00020164243,16165.919105586698,16650.26713258837
309071553.0,Ormeau (West) - Yatala,12042.0,13604.720966185107,14551.76404597094,14840.349152426048,14895.129907431043,14928.744954737484
309071554.0,Pimpama - North,10061.0,14436.020073856456,16798.586637611046,17862.244206718162,18172.078491644672,18226.357996430394
309071555.0,Pimpama - South,10693.0,12497.365475284343,13723.604753667707,14685.360324908637,15543.879118257102,15818.01154526246
309071556.0,Upper Coomera (South) - Wongawallan,11582.0,12598.740455096175,13088.314608927247,13410.504906996262,13736.834553738741,13828.489432681676
309071557.0,Upper Coomera - North,20671.0,23385.549012770534,25044.738842658615,26082.524779381485,26956.942942617403,28305.77848016291
309071558.0,Willow Vale - Pimpama (West),7118.0,8985.70047771515,9247.484260722684,9647.618405812966,10088.505027144758,10759.087915791531
309081259.0,Clear Island Waters,4426.0,4754.31463507193,4916.967392047352,5009.701307222254,5102.310285789709,5075.512649552629
309081260.0,Merrimac,7282.0,7474.648280157129,7606.429517508668,7902.926814036652,8179.477542006175,8557.682956621553
309081262.0,Varsity Lakes,16940.0,18153.96838530263,19211.36489444327,20376.032901522813,21603.19257994573,23172.50671714564
309081559.0,Robina - East,17133.0,17311.831803080495,17542.273376763398,17873.16307690381,18335.389757826502,18844.827529391343
309081560.0,Robina - West,8874.0,9081.96958150953,9784.736445398985,11179.900646700107,12904.980117616491,16081.867293394913
309091263.0,Ashmore,12558.0,13107.329955644907,13552.004958105721,14092.017390107007,14753.188650840608,15649.0446719997
309091264.0,Molendinar,6519.0,6699.5874177595615,6846.969835148271,7017.301753009075,7218.411189146276,7468.798608617212
309091265.0,Parkwood,8959.0,9039.391679761815,9083.238539179074,9158.47634200815,9272.508093772767,9453.9150845001
309091540.0,Southport - North,18186.0,21977.199717097996,26544.04118165773,30306.924705372796,33877.564334435156,37599.36414279095
309091541.0,Southport - South,19208.0,21327.193932839153,23670.507487767343,25863.664179424824,27905.38805895418,29796.95526316594
309101267.0,Benowa,9981.0,11031.14787976965,11626.833660773926,12258.151174374814,12920.453885383331,13352.200155769882
309101268.0,Bundall,4930.0,5184.277273407347,5659.861490845627,6310.522150974642,6951.1106961371825,7689.474200087119
309101269.0,Main Beach,4022.0,4471.097802116005,5018.8168950232985,5686.249228427643,6379.586913391777,7188.04660959842
309101561.0,Surfers Paradise - North,12388.0,15502.751455733656,19269.68487621065,22615.85321076131,25861.647242794425,29354.66898418582
309101562.0,Surfers Paradise - South,14442.0,17206.363587086988,19926.307123758234,22747.59890140604,25421.674690829535,27780.01030322169
310011271.0,Darra - Sumner,4771.0,4760.327253883142,4862.184639031003,5187.623544059894,5584.240005474724,6035.8843580922385
310011272.0,Durack,8360.0,8560.185516833331,8629.983621956888,8689.08896573627,8778.953394572378,8848.569272391745
310011274.0,Inala - Richlands,20341.0,20707.218501166266,21438.564313411905,23130.314923783568,25381.417271224993,27628.392928008176
310011275.0,Oxley (Qld),8694.0,9111.958497675552,9357.430091272841,9590.787808917756,9965.638360169472,10444.504793004908
310011276.0,Wacol,6394.0,6273.092036385229,6251.6035503414205,6224.267574629199,6197.330281089617,6159.4202775646145
310011563.0,Doolandella,8726.0,9386.68585945266,9832.510652552106,10050.522583578304,10238.645754009018,10333.473530655641
310011564.0,Forest Lake - Ellen Grove,22926.0,23039.354635804662,23347.81235544396,23653.94397108253,24128.789639997696,24292.890654063198
310021277.0,Boonah,12787.0,13493.467546338072,14292.453631417799,15002.957710641129,15662.396350496854,16292.320583487748
310021278.0,Esk,5099.000000000001,5396.0194284206655,5641.995883662164,5870.017462617325,6092.168708996609,6313.000155548232
310021279.0,Lake Manchester - England Creek,0.0,0.0,0.0,0.0,0.0,0.0
310021280.0,Lockyer Valley - East,21618.000000000004,23264.536942895415,25122.42661262581,26999.808466068447,28913.447642970343,30847.371154424953
310021281.0,Lowood,14422.000000000002,15093.084152106894,16333.680656651804,17589.10062388975,18869.21332916978,20162.673362593803
310021282.0,Rosewood,14490.0,16881.048382407178,24445.044948014594,40901.89215880281,58803.42503365617,80188.08467939765
310031283.0,Brassall,12305.0,13421.917940584632,13629.308456650566,13779.849580650236,13957.581900492893,14102.34981271271
310031284.0,Bundamba,9465.0,10011.539847987671,10541.28215929356,11103.417145281968,11800.073329421522,12506.827824161492
310031285.0,Churchill - Yamanto,6919.0,7048.78677634962,6975.289310687399,6890.882960300837,6842.020693212834,6786.85216396086
310031286.0,Ipswich - Central,6827.0,7301.565575562673,9091.468467392619,11565.56647041787,14993.797558155697,18902.24339885761
310031287.0,Ipswich - East,18329.0,19026.827268967707,20731.51986293313,22698.092020537923,25516.252011907738,28426.690096124905
310031288.0,Ipswich - North,4615.0,5951.923788590723,7095.74209531297,7252.238157040687,7354.159841515635,7404.542002798995
310031289.0,Karalee - Barellan Point,6774.0,7882.349547186292,7964.452190004207,7905.949656356708,7841.487426839148,7750.1516359629195
310031290.0,Karana Downs,6115.0,6107.484854036882,6032.712714081917,5957.859026616052,5915.6939957326495,5873.89773326187
310031291.0,Leichhardt - One Mile,8396.0,9211.636202855267,9768.15567997147,10280.793417747413,10799.68748540605,11338.01338012796
310031292.0,North Ipswich - Tivoli,6500.0,7099.728099563168,7611.814204395167,8138.0221095425895,8805.125156814463,9460.773303243774
310031293.0,Raceview,15426.0,16834.236532296778,17393.744313651045,17628.284277691233,17821.21380204089,17987.280849143583
310031294.0,Ripley,13022.0,21107.473751843074,36080.891720702355,63369.3016106465,90470.27494288963,117191.55392774171
310031295.0,Riverview,3116.0,3321.13400691289,3282.362997224468,3229.838526141574,3173.6957063605405,3107.378835634015
310041297.0,Camira - Gailes,9382.0,9695.32018821478,9998.548736567402,10122.619912731536,10207.91274533244,10285.651354520132
310041298.0,Carole Park,7.0,6.825828726404693,6.782549726191992,6.739835594308654,6.72535109851186,6.710372500275654
310041299.0,Collingwood Park - Redbank,11884.0,14310.69791108337,16164.139018073392,17238.184899582004,18420.237863045062,19463.395312782217
310041300.0,Goodna,11066.0,12597.645109826472,13087.352960896755,13533.304796218374,14011.168329036547,14465.907433620141
310041301.0,New Chum,3.0,3.0,3.0,3.0,3.0,3.0
310041302.0,Redbank Plains,24922.0,28590.373522462236,30516.673503137474,31483.528663355944,32954.06526584585,34309.99998752937
310041303.0,Springfield,7443.0,9044.271598217782,10075.08746857448,10582.076281999742,10865.18942308562,10998.649970414912
310041304.0,Springfield Lakes,24031.0,32616.298025731787,43054.16728884559,50958.56256115546,62231.33505552913,73453.48687301473
310041565.0,Augustine Heights - Brookwater,9137.0,9744.28971395586,10672.283254317317,12062.780245063024,13592.960097832256,15117.04398343413
310041566.0,Bellbird Park,9339.0,10465.976428968348,11700.33762936565,13446.4641146846,15248.834038610661,15959.584646771988
311011305.0,Beaudesert,14913.0,16565.40544680576,18551.178572032015,19704.3853318914,20378.618332265538,20668.61189512726
311021306.0,Beenleigh,8558.0,9160.186795342985,9598.626812901954,9984.832261394049,10359.380361514854,10677.917310852583
311021307.0,Eagleby,13813.0,14288.511613241744,14534.200437376208,14769.814816597758,15079.441690520562,15292.52363312079
311021308.0,Edens Landing - Holmview,9695.0,10468.11271265707,11059.193014361128,11272.45471515348,11328.868522245186,11272.824415527322
311021309.0,Mount Warren Park,5807.0,5858.658335363303,5817.062191456002,5737.073135329574,5629.1639650219695,5500.316257482446
311021310.0,Wolffdene - Bahrs Scrub,9132.0,12271.546635772036,17352.38423022016,22643.265219368513,23786.093608143477,24493.39378042267
311031311.0,Boronia Heights - Park Ridge,19553.0,25601.56071677414,32080.575260060054,37844.88941719329,41849.27329843665,44783.1677873455
311031312.0,Browns Plains,8285.0,9148.41294891913,10196.990283676334,10688.27026977765,11043.45491092706,11259.322346246547
311031313.0,Chambers Flat - Logan Reserve,9003.0,15239.099712393867,21428.28844771153,30504.576988418892,34542.900922787085,37213.09648657454
311031314.0,Crestmead,12386.0,12433.580834725954,12507.416675125301,12503.682959987247,12517.120260675549,12512.798623480487
311031315.0,Greenbank Military Camp,0.0,0.0,0.0,0.0,0.0,0.0
311031316.0,Hillcrest,8966.0,9753.797219247124,10503.820134218153,10769.948470307647,10846.305179909283,10852.068418524796
311031317.0,Marsden,16345.0,17251.42729753884,18012.130393700496,18270.50215064686,18412.76436437913,18474.70667384805
311031318.0,Munruben - Park Ridge South,4480.0,4455.494673245217,4384.358073648049,4310.6593000666735,4254.581928766824,4198.247444609838
311031319.0,Regents Park - Heritage Park,16362.0,16835.42369516218,17029.234908627834,17097.26590102694,17175.999148717685,17220.570322829848
311041322.0,Logan Village,8695.0,9119.917127036526,9350.144670056397,9355.04552378091,9317.472548470392,9237.502643148135
311041567.0,Flagstone (East) - Riverbend,6714.0,7710.991273699643,9176.942128021918,11027.635626168274,13285.387513278221,15432.964468800808
311041568.0,Flagstone (West) - New Beith,10186.0,17332.61770231881,26377.93871939621,35781.661452216795,45275.23527364958,54303.220868551034
311041569.0,Greenbank - North Maclean,7721.0,11320.082483632032,14501.931638466958,16523.780566215763,17621.806107056087,18674.736420649602
311041570.0,Jimboomba - Glenlogan,18364.0,21012.70939851811,24165.420023444967,26417.811683664568,28765.493601786588,29597.66369610774
311041571.0,Yarrabilba,10928.0,16356.169483567646,20147.506311566663,22994.27942667088,25809.206250249445,28885.68233761431
311051323.0,Bethania - Waterford,12305.0,12672.604687379091,13199.699627432208,13502.902358882911,13681.992765298646,13741.941107919785
311051324.0,Cornubia - Carbrook,9186.0,9419.121916042757,9578.925819818372,9626.305978167215,9646.19819937576,9638.379230086999
311051325.0,Loganholme - Tanah Merah,11755.0,12183.653944236772,12620.671597171886,12923.816914760839,13109.393903355485,13195.695018552964
311051326.0,Loganlea,11991.0,13246.716369274485,14469.407879930677,15076.2757494779,15657.724150107457,16044.693779091696
311051327.0,Shailer Park,12255.0,12139.431389099815,12059.83228927487,11889.520879379344,11712.162663451842,11510.472012785809
311051328.0,Waterford West,7927.0,8253.353314972122,8454.38682687722,8581.093188125344,8685.120669398688,8759.475892098415
311061329.0,Daisy Hill,6985.0,7200.493663133642,7388.706574982784,7440.316564020028,7484.887977785562,7504.210978749008
311061330.0,Kingston (Qld),10550.0,10823.65017599057,11205.262238938169,11454.851077216525,11615.074838013159,11676.528918800172
311061331.0,Logan Central,6465.0,6563.516898617958,6655.304430249753,6732.056451486131,6809.611026780838,6864.894496169349
311061332.0,Rochedale South - Priestdale,15658.0,15670.595172053097,15845.074583472058,15971.490599805951,16095.51565735323,16165.294666148986
311061333.0,Slacks Creek,10566.0,10747.026451939695,10858.844377591455,10917.420309083425,10961.120383983904,10979.53867016936
311061334.0,Springwood,9968.0,10221.179987688422,10305.927488144318,10406.600103463908,10516.538180631096,10587.96704737818
311061335.0,Underwood,6914.0,7426.455399762794,7834.735988336377,8168.071765478055,8404.163342273,8519.393416448811
311061336.0,Woodridge,13222.0,13780.406921889651,14122.588454962826,14425.193257261719,14666.98955136021,14802.380334615544
312011337.0,Bowen,10014.999999999998,10757.494717533169,11394.308699697674,12051.827479415913,12726.217850104531,13408.541605102217
312011338.0,Broadsound - Nebo,8877.0,8930.090834431337,8966.521177646886,9047.91646981768,9177.751463616702,9351.125415031569
312011339.0,Clermont,3933.0,3995.063984818835,4085.653127507512,4181.270611732131,4281.243174794888,4383.744061737427
312011340.0,Collinsville,3935.9999999999995,3859.2425219054358,3723.273351483377,3584.4120177607642,3444.3585803223145,3303.9186070936885
312011341.0,Moranbah,9616.0,10135.948691770533,10674.569144074965,11248.994258767703,11852.506865359957,12472.955492784191
312021342.0,Andergrove - Beaconsfield,16122.0,17289.652878119825,18372.00180240368,18848.477708230315,19736.786897233047,20127.49355589583
312021343.0,East Mackay,3792.0,3879.537633796159,3916.658523749088,3935.621376769655,3968.5437212879165,4016.809012801533
312021344.0,Eimeo - Rural View,13738.0,15410.868501513216,17589.59313161221,19769.02934541924,21894.501675112122,23433.876502275947
312021345.0,Eungella Hinterland,9.0,9.028577741494829,9.062425504167717,9.116691274715558,9.223278386424564,9.390041198648706
312021346.0,Mackay,4080.0,4462.613037416869,4721.560169641748,4988.10526603366,5252.521991199376,5564.083137167203
312021347.0,Mackay Harbour,620.0,665.0688873545159,780.6496998636126,965.5152918444871,1157.8167283545597,1410.7772468123455
312021348.0,Mount Pleasant - Glenella,11673.0,12500.724023550672,13381.088819079869,14293.520060952735,15117.159390573359,15903.173268825516
312021349.0,North Mackay,6342.0,6639.151909086716,6810.252745591476,7027.755140318621,7237.093868966321,7445.656628474695
312021350.0,Ooralea - Bakers Creek,6009.0,6580.774635555394,7303.313478231487,7987.711627008691,8638.183959799891,9287.932092796147
312021351.0,Pioneer Valley,8993.0,9201.821145912618,9521.121728574559,10057.734733118932,10562.64265340192,11288.477489288778
312021352.0,Sarina,11974.0,12594.94548996569,12968.831495493494,13401.44495023944,13827.214706984687,14527.466527014896
312021353.0,Seaforth - Calen,8245.0,8780.178411404937,8963.767274959973,9197.414668480009,9446.699416285597,9874.117326743779
312021354.0,Shoal Point - Bucasia,6155.0,6655.390694210436,7432.701801673354,8468.371723962038,9411.783571234042,10518.308027084711
312021355.0,Slade Point,3495.0,3513.0392212077077,3453.3953005452468,3411.7511749995624,3364.91291647002,3326.804342303344
312021356.0,South Mackay,6978.0,6887.98202720277,6762.795279122176,6651.081537125083,6558.365434066006,6471.539952184869
312021357.0,Walkerston - Eton,8527.0,8575.356026947678,8631.352582404523,8785.790386869963,8954.603846564281,9288.18535491834
312021358.0,West Mackay,6431.0,6521.331501137767,6546.24891040372,6605.437654788187,6697.137930105594,6867.17946696709
312031359.0,Airlie - Whitsundays,14774.999999999996,16442.246969371245,17917.963442723914,19329.77107558551,20678.367063877635,21969.67813681594
312031360.0,Cape Conway,0.0,0.0,0.0,0.0,0.0,0.0
312031361.0,Proserpine,8934.0,9491.163012731406,10050.46007693927,10629.893463961082,11225.752902485421,11829.702974240252
313011362.0,Beachmere - Sandstone Point,16684.0,17580.52009920006,18097.6161921941,18389.512930037716,18681.13142735427,18937.999139012514
313011363.0,Bribie Island,20820.0,22530.833102903576,23633.609530381436,23822.098665749538,23949.05244177024,24002.75597742674
313021364.0,Burpengary - East,6743.0,10306.111559523953,13199.168158514167,15449.52552709413,17635.059482080404,19785.835073625367
313021366.0,Caboolture - South,24123.0,27726.03742459918,30867.084335943364,33280.35086796415,35427.37432378918,37678.717924106735
313021367.0,Elimbah,4349.0,4641.570290028492,4857.801963054316,4996.2666717825305,5123.080778224557,5201.157750742467
313021368.0,Morayfield - East,11259.0,13629.980985045917,15178.832658816857,15665.896436966723,15911.66313818024,15866.314658207632
313021369.0,Wamuran,4281.0,6461.791579828167,10359.860811279113,14592.581653025863,19939.76242288263,27290.328740418914
313021572.0,Caboolture - East,18118.0,20016.065704438166,22011.14454830896,23873.23161476092,25256.438446911987,26407.737154644656
313021573.0,Caboolture - West,12351.0,14543.225483797747,16720.13114821927,18111.807197031358,19111.997208112272,19789.228926477856
313031370.0,Kilcoy,5864.0,6295.551104442538,6799.554144055115,7308.908756501155,7828.116164881102,8352.81928293306
313031371.0,Woodford - D'Aguilar,9244.0,10812.220801552838,12220.662575633058,12996.426348233059,13558.244659416325,13888.902513682111
313041372.0,Burpengary,16793.0,19651.956030966052,21910.67392587218,23704.796257869264,25659.201497434813,28151.26260826766
313041373.0,Deception Bay,23125.0,24226.20135285998,26229.15095296021,28324.602176746197,30639.257615023234,33110.7374316146
313041374.0,Morayfield,5942.0,9407.558913824512,15150.048696810798,20921.688074240694,27535.01767701773,34654.783580001436
313041375.0,Narangba,21328.0,25300.907520430417,29079.850436563214,31713.489594497005,34079.49976801423,36262.23022595124
313041376.0,Upper Caboolture,3291.0,9501.902468377933,15901.009872624369,22483.23628633852,29967.624486153785,39264.200807315356
313051377.0,Clontarf,8498.0,8754.191077431045,8999.520373198444,9383.273714173783,9781.427399613305,10176.337592300384
313051378.0,Margate - Woody Point,12136.0,13048.058044085887,14706.136207473111,16533.710309908434,18575.75293082459,20973.95534328725
313051379.0,Redcliffe,10567.0,12110.814637113122,14877.267285719794,18219.327030912707,21910.906771783957,25993.632154638057
313051380.0,Rothwell - Kippa-Ring,17702.0,17843.992359678195,17863.58113912744,18114.616832336196,18418.851342780163,18730.70929313227
313051574.0,Moreton Island,314.0,314.00145148570266,312.8918590596908,311.79674879862904,311.4253934819227,311.0413703050127
313051575.0,Scarborough - Newport,15463.0,19029.977155451114,21606.38396179837,23006.71592365577,24059.50276657167,25038.78889112158
314011382.0,Albany Creek,16686.0,17033.60034393971,17353.612945863868,17324.198938113783,17509.092526253593,17505.996748381185
314011383.0,Cashmere,20056.0,21841.82867818271,24635.667848380643,27504.8917121351,30485.196685271523,33432.263618135104
314011384.0,Dayboro,9317.0,9900.36748644313,10216.418146081454,10391.183749452917,10571.123819211438,10698.190725451987
314011385.0,Eatons Hill,7921.0,8152.782676637764,8506.49428567563,8788.553359564572,9030.996652173497,9189.19250798333
314011386.0,The Hills District,24782.0,25155.99511381816,25438.54393606214,25593.75750381679,25860.549181970775,25875.231355565335
314011387.0,Samford Valley,12572.0,12607.503158631238,12523.238239234755,12440.06167120386,12419.834139694309,12398.641800342206
314021389.0,Murrumba Downs - Griffin,23553.0,29037.043750840123,33180.824067336915,36124.81385055626,38868.59273902798,41630.0425040078
314021576.0,Dakabin,5361.0,6457.621655948523,7060.408815354687,7261.570141681328,7350.7070312465785,7384.945595319588
314021577.0,Kallangur,22203.0,24301.090369315145,26738.307465143618,29385.91746317317,31826.767252173297,34077.25140417568
314021578.0,Mango Hill,15221.0,21348.480991222976,25863.954986330198,28956.072185527944,31309.61686021561,32959.32573252442
314021579.0,North Lakes,23494.0,24141.615611290494,24406.157491883463,24591.190340500263,24926.569721014028,25135.305885549617
314031391.0,Bray Park,10425.0,10455.506633633906,10460.302003854282,10431.141707084389,10404.50259589366,10328.925040520933
314031392.0,Lawnton,7189.0,8662.611604322532,10222.697772828928,11902.520968599532,13610.091232272896,15186.172856930902
314031393.0,Petrie,8845.0,9274.615699313741,9867.120522437875,10528.788373231571,11302.69034049208,12165.327200480466
314031394.0,Strathpine - Brendale,13986.0,16206.708099281717,18591.471289116373,21363.272390816343,24246.295681452986,27342.91425273745
315011395.0,Aurukun,1131.0,1183.5206529631798,1183.4512419954867,1183.5471835114024,1183.4471847599452,1180.4533950530881
315011396.0,Cape York,8000.999999999999,8173.715633842858,8280.005560305579,8338.80355039898,8353.81044423472,8316.6441689144
315011397.0,Croydon - Etheridge,992.9999999999999,964.726492817164,932.7319320545469,905.4223450016646,883.1016128164433,863.6358656463094
315011398.0,Kowanyama - Pormpuraaw,1740.0,1759.6511689309448,1783.738405619695,1802.1800711722135,1814.1910609384283,1816.2691240941565
315011399.0,Northern Peninsula,2885.999999999999,2986.1238105950615,3081.689347527501,3156.4428507460075,3210.4304876466745,3239.424975204067
315011400.0,Tablelands,6308.0,6398.99838422892,6549.426624606412,6645.735453150165,6694.264861789436,6692.051143739645
315011401.0,Torres,3533.0,3621.097785832597,3673.964020873796,3712.8700050698326,3736.6381838025354,3738.777401492858
315011402.0,Torres Strait Islands,4300.0,4332.130691434391,4246.189631327756,4150.667542548275,4048.908203447485,3937.111504888143
315011403.0,Weipa,4175.999999999999,4314.484375580059,4541.7850349168275,4748.258334364493,4927.530455073358,5066.751222443848
315021404.0,Carpentaria,5089.999999999999,5182.400903925981,5311.084337313484,5421.920880325559,5510.508056814441,5564.519333734225
315021405.0,Mount Isa,18807.0,18812.81558998539,18863.49845943239,18776.322531191396,18612.191452643405,18448.283603837586
315021406.0,Mount Isa Surrounds,4118.999999999999,4275.865424584041,4307.687585746347,4316.057282014427,4303.401582172145,4265.850495447662
315021407.0,Northern Highlands,3127.9999999999995,3030.464218459008,2861.905519975372,2707.780965815047,2572.4652349880107,2452.4921025569274
315031408.0,Barcaldine - Blackall,4783.0,4689.736802850845,4477.704975723108,4275.005205084302,4088.367547224704,3913.940381009527
315031409.0,Charleville,4009.9999999999995,3925.451687638535,3767.4842540225654,3619.0040899108253,3484.559734925506,3359.6452048708925
315031410.0,Far Central West,2183.9999999999995,2136.5098378216953,2021.9667395342576,1912.6094945659577,1812.1356905931923,1719.3016170593364
315031411.0,Far South West,2751.9999999999995,2668.121305259617,2539.067152603832,2422.8075743073423,2322.2632251771456,2233.4838921689015
315031412.0,Longreach,3692.9999999999995,3606.5185943440265,3407.6235089310308,3218.781632966916,3046.2937175423995,2887.9535013652567
316011413.0,Buderim - North,18165.0,18979.82007374974,19532.338745569512,19867.278749286583,20210.735067098583,20506.333460702233
316011414.0,Buderim - South,17793.0,18797.66910494564,19306.69272774072,19670.769451925742,20144.48240675035,20363.978236468254
316011415.0,Mountain Creek,12133.0,12472.369076742583,12484.552469800732,12483.072690126697,12550.810767444958,12705.268969687297
316011416.0,Sippy Downs,11705.0,12572.069739316663,12994.648251137163,13168.932287412974,13279.530264211782,13357.64556091521
316021417.0,Aroona - Currimundi,10125.0,10072.584541882536,9988.918508112374,9888.959326234752,9815.081218306243,9789.545059903065
316021418.0,Buddina - Minyama,7009.0,7186.2031281788895,7670.416737296389,8544.258184783328,9398.184483512658,10570.796537609469
316021419.0,Caloundra - Kings Beach,7014.0,8313.401076556363,9528.442201894391,10985.537252408569,12630.751130969404,14749.194497704915
316021421.0,Golden Beach - Pelican Waters,13150.0,14970.089045025587,16407.620749823524,17856.277800489504,19286.482459104413,20782.42918659837
316021422.0,Moffat Beach - Battery Hill,8189.0,8436.569130806449,8769.359772840966,9126.901906164603,9463.171506060238,9856.81906043565
316021423.0,Parrearra - Warana,10481.0,12011.602689414853,13339.487809691149,14737.614796018719,16006.939932309655,17550.188968198207
316021424.0,Wurtulla - Birtinya,10784.0,12203.13286661525,12525.6729608448,12996.570776333972,13739.12000116165,15132.342102966486
316021580.0,Caloundra West - Baringa,15969.0,27219.93237112557,39851.59888065843,53188.79028734727,66412.6887751563,78034.35237813921
316021581.0,Meridan Plains - Little Mountain (North),14569.0,15094.998445645742,15255.93996699464,15296.301059083167,15391.09757272263,15417.927711588072
316031425.0,Coolum Beach,16185.0,17106.866637056024,17654.108042294683,18112.650388250022,18651.0624863201,18978.75155294805
316031426.0,Marcoola - Mudjimba,12080.0,12577.30640069639,12618.274339874231,12582.297200974546,12549.202489051431,12526.3670220905
316031427.0,Maroochydore - Kuluin,23652.0,27945.494271177835,31760.553564651476,35289.953606967996,37660.5096865473,38924.6186730158
316031428.0,Mooloolaba - Alexandra Headland,12636.0,13016.334044878698,13559.701418604182,14234.834752540468,14934.834843698805,15686.021688364342
316051434.0,Noosa Heads,5158.999999999998,5728.122988910628,6038.0459918358265,6277.311586658649,6460.917581468124,6600.86594597103
316051435.0,Noosaville,9405.999999999996,9727.162476779347,10206.36346679759,10586.109585467811,10891.202061482041,11138.292534227261
316051437.0,Sunshine Beach,6926.999999999998,7137.706569403645,7278.125446562631,7403.329108573153,7522.562197731231,7635.758669451576
316051438.0,Tewantin,10627.999999999998,10852.721399472313,11040.999369956959,11211.986877171397,11378.49179477595,11539.089371105587
316051543.0,Peregian Beach - Marcus Beach,4153.0,4197.163127961118,4233.790996491232,4254.94768015575,4286.526669031953,4323.273626490362
316051544.0,Peregian Springs,10802.0,11915.435863924597,12250.70078787856,12457.949770675934,12635.624645391157,12840.678176415771
316061439.0,Beerwah,9335.0,10070.06892460973,10780.81637127195,11424.821402211894,11794.897327983053,12112.851122997927
316061440.0,Caloundra Hinterland,9169.0,9659.43966397803,9763.992359166092,9835.679878978252,9902.968887569448,9993.775718461007
316061441.0,Glass House Mountains,6608.0,6955.822102117954,7050.410915509042,7119.502471018667,7279.558623212238,7254.4534569857615
316061442.0,Landsborough,15912.0,24862.59544036665,34444.549446279125,43319.439485140494,51875.42436020143,61381.23743714212
316061443.0,Maroochy Hinterland,6866.0,6929.067732832155,6958.960352359245,6972.966435424375,7001.713152669911,7065.719269096825
316061444.0,Palmwoods,11779.0,13715.67395365435,14762.97141149151,15345.97497574536,15852.153412954947,15823.130688176507
316071545.0,Bli Bli,10861.0,12262.312362085462,12563.597161953641,12749.187795975267,13029.562318600665,13024.325666904908
316071546.0,Diddillibah - Rosemount,4435.0,4591.129768933657,4714.6433120458405,4827.190672082715,4931.132840514723,5006.002639443818
316071547.0,Eumundi - Yandina,12501.0,13096.777496115914,13780.900585318033,14647.264208609437,15659.790471669528,17085.986740614568
316071548.0,Nambour,22821.0,25488.94281473157,27759.57053717887,30113.992677387876,32433.672309051428,34271.416785629495
316081549.0,Noosa Hinterland,24519.999999999996,26172.570609686943,27317.645617158236,28212.279124393208,28920.516698066713,29483.227343230265
317011445.0,Cambooya - Wyreema,7976.0,8102.440569356592,8306.399965988936,8440.923631061898,8639.44175382761,8719.715312638638
317011446.0,Darling Heights,14824.0,15992.354924185169,17710.604706846934,19498.497956209096,21137.397038823707,22569.733732422494
317011447.0,Drayton - Harristown,10948.0,11515.025738055941,12092.206363707097,12609.687166240185,13044.644301523047,13425.326686404867
317011448.0,Gatton,8072.999999999998,8554.883957545488,9084.809162542582,9655.836660117544,10247.064115453384,10838.19977372543
317011449.0,Gowrie (Qld),7137.0,7334.153021054647,7681.2754780260775,8029.795820932452,8344.972280634567,8668.77478940013
317011450.0,Highfields,14780.0,16303.294035882038,18370.785679364082,20300.035186225177,21900.06791368908,23344.893341677067
317011451.0,Lockyer Valley - West,12077.0,12639.74224975073,13377.910768259542,14144.64370328894,14917.224927078654,15675.479131332544
317011452.0,Middle Ridge,7663.0,7573.6910811454445,7478.331119622728,7437.881322466741,7465.151534536093,7549.58293726663
317011453.0,Newtown (Qld),10161.0,9937.825474303514,9763.2944081455,9642.223382088492,9607.777177327574,9601.276113838718
317011454.0,North Toowoomba - Harlaxton,6497.0,6647.0313703343,6946.91825808095,7268.9239100956875,7555.927814634566,7826.191631135878
317011455.0,Rangeville,8733.0,9012.53945908994,9108.931280819623,9214.678194613902,9347.379285050822,9452.762777155458
317011456.0,Toowoomba - Central,14191.0,14002.293597881515,13938.795844501405,13886.462274985599,13896.350582028848,13886.076988276032
317011457.0,Toowoomba - East,10643.0,10859.1930259624,10850.857873469507,10847.88880819843,10897.660850797627,10907.006106176486
317011458.0,Toowoomba - West,16124.0,18709.40703204876,21283.449746730887,23713.92904708315,25955.94806797683,28297.852013871783
317011459.0,Wilsonton,14317.0,14426.816444022155,14111.466196165558,13826.7677679033,13691.168764808943,13614.531029360773
318011460.0,Ayr,9068.0,9001.540655719078,9193.876802691811,9405.817154047798,9619.037839949411,9827.275805781683
318011461.0,Burdekin,7725.000000000001,7347.564420017583,6980.000286254823,6595.647719150255,6192.9797866166555,5780.946384504754
318011462.0,Charters Towers,8138.000000000001,8094.335783309996,7954.807036311299,7812.9184253883195,7656.58572174636,7485.844792801836
318011463.0,Dalrymple,3785.0000000000005,3780.7872876602573,3760.5428757782815,3739.8013928536193,3713.7843666682124,3683.1641580891796
318011464.0,Ingham,4486.0,4395.272684240983,4201.940745488603,4001.1829769295505,3793.621254823312,3585.591004915411
318011465.0,Ingham Surrounds,6506.000000000001,6319.832971230086,6056.119517093559,5778.910391498755,5484.575873494562,5178.959177098989
318011466.0,Palm Island,2180.0,2200.941116659562,2320.375300507221,2457.4967871589047,2606.732332934777,2764.0150970399854
318021467.0,Aitkenvale,4850.0,4907.553367913931,4860.765564814115,4809.017140431293,4745.384672550757,4673.932997906428
318021468.0,Annandale (Qld),10258.0,10308.061682510559,10636.09664398118,11144.800606684565,11535.277036894031,11876.675672822219
318021469.0,Belgian Gardens - Pallarenda,3214.0,3166.384633909573,3149.599548143453,3142.9974525495986,3132.0540802128407,3116.264269904472
318021470.0,Bohle Plains,8620.0,10662.367289405604,11686.90162837194,11970.518995463757,12172.356233517055,12352.4556080413
318021471.0,Condon - Rasmussen,10955.0,10763.645067729802,10746.013852569578,10829.869298511674,11126.465364545045,11995.301404448543
318021472.0,Cranbrook,5906.0,5743.766766769264,5653.2579226793605,5572.273976194216,5480.53832973926,5355.208320669726
318021474.0,Douglas,8011.0,8978.978540942135,10719.00078981756,13127.253785223382,16010.956631340257,20855.8031066963
318021475.0,Garbutt - West End,6353.0,6668.623169197387,6612.112784856123,6565.930060245081,6511.296424040782,6428.166766984117
318021476.0,Gulliver - Currajong - Vincent,7679.0,7682.257680595311,7551.260308470377,7424.449094652298,7278.8946577646775,7121.591719854586
318021477.0,Heatley,3946.0,3827.771407904502,3730.888555890425,3635.284690379209,3528.4425060327194,3398.0008932669066
318021478.0,Hermit Park - Rosslea,5473.0,5608.150698976173,5588.500393093955,5578.875593965662,5569.6662964592815,5558.750094047275
318021479.0,Hyde Park - Pimlico,4771.0,4827.2762002884865,4814.759677117485,4807.770964820042,4798.22430733861,4786.198857255028
318021480.0,Kelso,10862.0,11548.056124688324,11832.92975901616,12148.286257051688,12486.47122044529,12601.45872435198
318021481.0,Kirwan - East,7791.0,7612.967874200061,7441.847145364238,7299.089543234389,7153.781304764198,7045.415060722025
318021482.0,Kirwan - West,15243.0,14868.862355019628,14433.691675198126,14030.462765218768,13631.047623478295,13297.393569918393
318021483.0,Magnetic Island,2486.0,2473.764322613871,2499.832827900908,2521.3673634161787,2549.1130584548355,2554.728141862539
318021484.0,Mount Louisa,10259.0,10484.730194946098,11098.107273048794,11814.377278480766,12736.899754577522,14053.232221256123
318021485.0,Mundingburra,3625.0,3586.293569238246,3550.1784071515003,3508.3806100333554,3456.6014528853834,3398.2769998925423
318021486.0,Northern Beaches,6616.0,7122.779844050669,7511.934085285688,7877.12307713194,8237.269168992963,8421.70171794659
318021487.0,Oonoonba,7137.0,8221.8476082317,8909.205070968519,9187.280096243543,9322.150457166199,9440.09492329111
318021488.0,South Townsville - Railway Estate,5366.0,5591.955795509473,5637.39064084586,5696.108265793701,5764.224070416253,5846.217708600686
318021489.0,Townsville - South,4797.0,6051.572042847116,8229.471817300237,11113.550103221782,15515.767535665746,20535.53997469326
318021490.0,Townsville City - North Ward,9287.0,9772.649062918244,10050.50846100197,10469.215797189365,10773.614929155628,10904.248909180638
318021491.0,Wulguru - Roseneath,6184.0,6245.43154489072,6351.476677983378,6499.74273104461,6688.369753923754,7019.203303267167
318021582.0,Burdell - Mount Low,19724.0,23952.340895618578,31083.188556952628,37795.43824102654,42484.01469346523,43964.5853369736
318021583.0,Deeragun - Jensen,6151.0,6893.807494140043,7490.680162499318,7974.009677636678,8330.346142365772,8500.733323583636
319011492.0,Ashfield - Kepnock,5699.0,5804.749203270929,5964.768868491525,6162.946932987895,6330.922020610944,6467.373497226793
319011493.0,Bargara - Burnett Heads,19243.0,20630.54239177105,22452.315720242736,23885.178156317117,24891.264704053116,25613.55388343807
319011494.0,Branyan - Kensington,5420.0,5932.569480835032,6178.22121351634,6442.573462781053,6653.973289783368,6818.060044790156
319011495.0,Bundaberg,6317.0,6396.60666340689,6524.702251967848,6659.555516601181,6765.300266447719,6852.919142742243
319011496.0,Bundaberg East - Kalkie,5850.0,6296.085605018573,6539.95221306861,6796.331548707979,7001.686752727781,7167.401766490582
319011497.0,Bundaberg North - Gooburrum,7499.0,7633.650202329407,7630.290861124957,7682.675625465349,7743.802635417602,7816.135848249674
319011498.0,Bundaberg Surrounds - North,9362.0,9363.69973586731,9436.682485931575,9547.81017411264,9663.99624764911,9764.727608378587
319011499.0,Bundaberg Surrounds - South,10872.0,10969.018211611015,11133.014325728755,11337.093611883141,11525.508593732899,11673.259517870274
319011500.0,Millbank - Avoca,7453.0,7590.636749366363,7674.9957477042935,7770.154017250019,7850.742466465037,7914.698973867845
319011501.0,Svensson Heights - Norville,5859.0,6086.143853741101,6164.329124429896,6259.262920758909,6346.524880907,6419.644534758441
319011502.0,Walkervale - Avenell Heights,11093.0,11295.581800034266,11403.9077667613,11532.161924955082,11660.853033979123,11775.551831771125
319021503.0,Gayndah - Mundubbera,6450.0,6179.216566236191,6117.24829927322,6050.220454434366,5968.010070915614,5877.104072768366
319021504.0,Gin Gin,5438.000000000001,5540.734250842058,5625.43351198625,5700.8802620256,5755.711807180188,5794.143042513892
319021505.0,Kingaroy,10660.000000000002,10861.45457758215,11266.220257289448,11666.934386651765,12024.135508487969,12339.405018941203
319021506.0,Kingaroy Surrounds - North,9618.000000000002,9683.033631877637,9822.522443478696,9957.90567714076,10068.870780474663,10162.468387644549
319021507.0,Kingaroy Surrounds - South,4178.000000000001,4265.990834796097,4322.579635034048,4366.987146287999,4399.66182642684,4427.933982327432
319021508.0,Monto - Eidsvold,3694.0,3573.693597149914,3554.954373883484,3536.8999012259624,3512.2579356352057,3483.0672125095125
319021509.0,Nanango,10090.0,10318.991181088246,10556.506424627612,10777.600887220413,10962.802870494832,11118.028229889498
319021510.0,North Burnett,13.0,12.965308503134812,12.946037526929999,12.976911474916,13.057500866982688,13.139861518172577
319031511.0,Cooloola,6606.0,6907.6627518995965,7164.597869025115,7389.122906011985,7569.3310976918165,7714.425084782285
319031512.0,Gympie - North,15090.000000000002,15848.238106131663,16260.975116940323,16567.779675918257,16755.028770936657,16857.74889493152
319031513.0,Gympie - South,7605.000000000001,8511.532486966582,8723.821635815942,8862.663818959156,8924.00935776005,8931.354564783687
319031514.0,Gympie Surrounds,20634.000000000004,21508.99162676031,22132.764504558927,22471.721839912952,22737.226680900814,22811.247281450687
319031515.0,Kilkivan,3814.0000000000005,3916.520727538021,4053.4857341893617,4185.3658096571535,4302.050928950765,4404.8134790513795
319041516.0,Booral - River Heads,5815.0,6919.8249260607545,7959.654591796564,8781.64290954683,9341.569497428096,9734.983989746044
319041517.0,Craignish - Dundowran Beach,5608.0,6529.307020824877,7193.6401701092345,7702.3268094775385,8088.835076006113,8397.980615365805
319041518.0,Pialba - Eli Waters,16017.0,16896.566238330965,17491.427002001376,17926.26131178636,18283.594405369244,18598.749759859304
319041519.0,Point Vernon,5748.0,5803.393842920033,5791.2440363515925,5798.8582925691135,5805.51128369542,5792.853700883243
319041520.0,Torquay - Scarness - Kawungan,15947.0,16767.27780651847,17238.921055698556,17694.91963221576,18098.0280254398,18440.75668580446
319041521.0,Urangan - Wondunna,14915.0,16526.462190556256,17900.372908100395,18986.027371455933,19851.336362757025,20566.893834795366
319051522.0,Burrum - Fraser,10675.0,11317.792466742118,11806.12497153019,12230.268749713123,12566.107644094845,12828.310773662248
319051523.0,Granville,3076.0,3103.055792079623,3123.77394096258,3156.570883326853,3192.7024134279104,3224.413309485355
319051524.0,Maryborough (Qld),18838.0,19689.601581978644,20255.51927625964,20619.087676701954,20933.42181080968,21205.72805790696
319051525.0,Maryborough Surrounds - South,9620.0,10265.419205948407,10559.046585635619,10839.899909748941,11078.657480291355,11272.775808169954
319051526.0,Tinana,5912.0,6228.358417662036,6402.599299406081,6603.360772512645,6772.666947348476,6913.058750814632
3.0,Queensland,5217653.0,5663246.53537438,6079886.582997323,6492440.844804358,6899968.661294473,7299933.579292357
